house,state,mp_name,constituency,allocated_amount
LOK_SABHA,Maharashtra,AASHTIKAR PATIL NAGESH BAPURAO,HINGOLI,190289442.0
LOK_SABHA,Jammu And Kashmir,ABDUL RASHID SHEIKH,BARAMULLAH,154773472.11
LOK_SABHA,Bihar,ABHAY KUMAR SINHA,AURANGABAD_BR,147000000.0
LOK_SABHA,West Bengal,ABHIJIT GANGOPADHYAY,TAMLUK,147000000.0
LOK_SABHA,West Bengal,Abu Taher Khan,MURSHIDABAD,147000000.0
LOK_SABHA,West Bengal,ADHIKARI SOUMENDU,KANTHI,147000000.0
LOK_SABHA,Uttar Pradesh,ADITYA YADAV,BADAUN,147000000.0
LOK_SABHA,Kerala,Adv Adoor Prakash,ATTINGAL,147000000.0
LOK_SABHA,Kerala,Adv Dean Kuriakose,IDUKKI,147000000.0
LOK_SABHA,Maharashtra,ADV GOWAAL KAGADA PADAVI,NANDURBAR(ST),147816309.11
LOK_SABHA,Kerala,ADV K FRANCIS GEORGE,KOTTAYAM,188722256.11
LOK_SABHA,Uttar Pradesh,AFZAL ANSARI,GHAZIPUR,220500000.0
LOK_SABHA,Jammu And Kashmir,AGA SYED RUHULLAH MEHDI,SRINAGAR,147000000.0
LOK_SABHA,Uttarakhand,Ajay Bhatt,NAINITAL UDHAM SINGH NAG.,147000000.0
LOK_SABHA,Bihar,Ajay Kumar Mandal,BHAGALPUR,147000000.0
LOK_SABHA,Uttarakhand,Ajay Tamta,ALMORA(SC),147000000.0
LOK_SABHA,Uttar Pradesh,AJENDRA SINGH LODHI,HAMIRPUR_UP,147000000.0
LOK_SABHA,Uttar Pradesh,AKHILESH YADAV,KANNAUJ,147000000.0
LOK_SABHA,Uttar Pradesh,AKSHAYA YADAV,FIROZABAD,147000000.0
LOK_SABHA,Manipur,ALFRED KANNGAM S ARTHUR,OUTER MANIPUR(ST),147000000.0
LOK_SABHA,Bihar,Alok Kumar Suman,GOPALGANJ (SC),147000000.0
LOK_SABHA,Madhya Pradesh,ALOK SHARMA,BHOPAL,147000000.0
LOK_SABHA,Maharashtra,AMAR SHARADRAO KALE,WARDHA,147000000.0
LOK_SABHA,Assam,AMARSING TISSO,Diphu (ST),147000000.0
LOK_SABHA,Andhra Pradesh,AMBICA G LAKSHMINARAYANA VALMIKI,ANANTAPUR,201899064.11
LOK_SABHA,Maharashtra,Amol Ramsing Kolhe,SHIRUR,147000000.0
LOK_SABHA,Rajasthan,AMRARAM,SIKAR,165691544.11
LOK_SABHA,Punjab,AMRINDER SINGH RAJA WARRING,LUDHIANA,147000000.0
LOK_SABHA,Uttar Pradesh,ANAND BHADAURIYA,DHAURAHRA,147000000.0
LOK_SABHA,Uttar Pradesh,ANAND KUMAR,BAHRAICH(SC),147000000.0
LOK_SABHA,Odisha,ANANTA NAYAK,KEONJHAR(ST),147000000.0
LOK_SABHA,Tamil Nadu,Andimuthu Raja,NILGIRIS(SC),147000000.0
LOK_SABHA,Meghalaya,ANDREW J. SYNGKON,SHILLONG,98000000.0
LOK_SABHA,Manipur,ANGOMCHA BIMOL AKOIJAM,INNER MANIPUR,147000000.0
LOK_SABHA,Uttarakhand,ANIL BALUNI,GARHWAL,147000000.0
LOK_SABHA,Maharashtra,ANIL YESHWANT DESAI,MUMBAI SOUTH CENTRAL,147000000.0
LOK_SABHA,Madhya Pradesh,ANITA NAGARSINGH CHOUHAN,RATLAM(ST),147000000.0
LOK_SABHA,Odisha,ANITA SUBHADARSHINI,ASKA,147000000.0
LOK_SABHA,Jharkhand,Annpurna Devi,KODARMA,166665931.8
LOK_SABHA,Uttar Pradesh,ANOOP PRADHAN BALMIKI,HATHRAS (SC),147000000.0
LOK_SABHA,Kerala,Anto Antony,PATHANAMTHITTA,147000000.0
LOK_SABHA,Maharashtra,ANUP SANJAY DHOTRE,AKOLA,147000000.0
LOK_SABHA,Uttar Pradesh,Anurag Sharma,JHANSI,147000000.0
LOK_SABHA,Himachal Pradesh,Anurag Singh Thakur,HAMIRPUR_HP,149570117.11
LOK_SABHA,Andhra Pradesh,Appalanaidu Kalisetti,VIZIANAGARAM,147000000.0
LOK_SABHA,Bihar,ARUN BHARTI,JAMUI(SC),194924621.11
LOK_SABHA,Uttar Pradesh,ARUN GOVIL,MEERUT,147000000.0
LOK_SABHA,Tamil Nadu,ARUN NEHRU,PERAMBALUR,147000000.0
LOK_SABHA,Telangana,ARUNA. D. K,MAHABUBNAGAR,147000000.0
LOK_SABHA,West Bengal,ARUP CHAKRABORTY,BANKURA,147000000.0
LOK_SABHA,Telangana,Arvind Dharmapuri,NIZAMABAD,281396355.11
LOK_SABHA,Maharashtra,Arvind Ganpat Sawant,MUMBAI SOUTH,147000000.0
LOK_SABHA,Telangana,Asaduddin Owaisi,HYDERABAD,147000000.0
LOK_SABHA,Madhya Pradesh,ASHISH DUBEY,JABALPUR,147000000.0
LOK_SABHA,Uttar Pradesh,Ashok Kumar Rawat,MISRIKH(SC),147000000.0
LOK_SABHA,Bihar,Ashok Kumar Yadav,MADHUBANI,147000000.0
LOK_SABHA,West Bengal,Asit Kumar Mal,BOLPUR(SC),275694456.74
LOK_SABHA,Uttar Pradesh,ATUL GARG,GHAZIABAD,155336470.0
LOK_SABHA,Odisha,AVIMANYU SETHI,BHADRAK(SC),147000000.0
LOK_SABHA,Uttar Pradesh,AWADHESH PRASAD,FAIZABAD,147000000.0
LOK_SABHA,West Bengal,AZAD KIRTI JHA,BARDHAMAN-DURGAPUR,179658399.98
LOK_SABHA,Andhra Pradesh,B K PARTHASARATHI,HINDUPUR,160491894.11
LOK_SABHA,Uttar Pradesh,BABU SINGH KUSHWAHA,JAUNPUR,147000000.0
LOK_SABHA,Maharashtra,BACHHAV SHOBHA DINESH,DHULE,147000000.0
LOK_SABHA,West Bengal,BAG MITALI,ARAMBAG(SC),147000000.0
LOK_SABHA,Odisha,BAIJAYANT PANDA,KENDRAPARA,147000000.0
LOK_SABHA,Maharashtra,BAJRANG MANOHAR SONWANE,BEED,165899107.19
LOK_SABHA,Odisha,BALABHADRA MAJHI,NABARANGPUR(ST),147413962.11
LOK_SABHA,Andhra Pradesh,Balashowry Vallabbhaneni,MACHILIPATNAM,147000000.0
LOK_SABHA,Telangana,BALRAM NAIK PORIKA,MAHABUBABAD,147000000.0
LOK_SABHA,Maharashtra,BALWANT BASWANT WANKHADE,AMRAVATI(SC),198293678.0
LOK_SABHA,Maharashtra,BALYA MAMA SURESH GOPINATH MHATRE,BHIWANDI,147000000.0
LOK_SABHA,Delhi,Bansuri Swaraj,NEW DELHI,154306950.0
LOK_SABHA,West Bengal,BAPI HALDAR,MATHURAPUR(SC),147000000.0
LOK_SABHA,Karnataka,BASAVARAJ BOMMAI,HAVERI,147000000.0
LOK_SABHA,Andhra Pradesh,BASTIPATI NAGARAJU PANCHALINGALA,KURNOOL,159998515.11
LOK_SABHA,Rajasthan,Bhagirath Chaudhary,AJMER,147000000.0
LOK_SABHA,Rajasthan,BHAJAN LAL JATAV,KARAULI-DHOLPUR(SC),147000000.0
LOK_SABHA,Madhya Pradesh,BHARAT SINGH KUSHWAH,GWALIOR,151455276.04
LOK_SABHA,Gujarat,BHARATBHAI MANUBHAI SUTARIYA,AMRELI,147000000.0
LOK_SABHA,Gujarat,Bharatsinhji Shankarji Dabhi,PATAN,147000000.0
LOK_SABHA,Madhya Pradesh,BHARTI PARDHI,BALAGHAT,154398389.01
LOK_SABHA,Maharashtra,BHASKAR MURLIDHAR BHAGARE,DINDORI(ST),147000000.0
LOK_SABHA,Maharashtra,BHAUSAHEB RAJARAM WAKCHAURE,SHIRDI(SC),147000000.0
LOK_SABHA,Chhattisgarh,BHOJRAJ NAG,KANKER(ST),164672734.11
LOK_SABHA,Uttar Pradesh,Bhola Singh,BULANDSHAHR(SC),147000000.0
LOK_SABHA,Maharashtra,BHUMARE SANDIPANRAO ASARAM,AURANGABAD_MH,147000000.0
LOK_SABHA,Andhra Pradesh,Bhupathiraju Srinivasa varma,NARASAPURAM,147000000.0
LOK_SABHA,Rajasthan,BHUPENDER YADAV,ALWAR,147000000.0
LOK_SABHA,Odisha,BIBHU PRASAD TARAI,JAGATSINGHPUR(SC),147000000.0
LOK_SABHA,Jharkhand,Bidyut Baran Mahato,JAMSHEDPUR,147000000.0
LOK_SABHA,Assam,BIJULI KALITA MEDHI,GUWAHATI,147000000.0
LOK_SABHA,Tripura,BIPLAB KUMAR DEB,TRIPURA WEST,147000000.0
LOK_SABHA,Andaman And Nicobar Islands,BISHNU PADA RAY,ANDAMAN AND NICOBAR ISLANDS,147000000.0
LOK_SABHA,Rajasthan,BRIJENDRA SINGH OLA,JHUNJHUNU,147000000.0
LOK_SABHA,Chhattisgarh,BRIJMOHAN AGRAWAL,RAIPUR,153766451.11
LOK_SABHA,Madhya Pradesh,BUNTY VIVEK SAHU,CHHINDWARA,147000000.0
LOK_SABHA,Gujarat,C R Patil,NAVSARI,158532494.36
LOK_SABHA,Andhra Pradesh,C.M.RAMESH,ANAKAPALLE,202531656.11
LOK_SABHA,Karnataka,CAPTAIN BRIJESH CHOWTA,DAKSHINA KANNADA,147000000.0
LOK_SABHA,Goa,CAPTAIN VIRIATO FERNANDES,SOUTH GOA,147000000.0
LOK_SABHA,Telangana,CHAMALA KIRAN KUMAR REDDY,BHONGIR,147000000.0
LOK_SABHA,Uttar Pradesh,CHANDAN CHAUHAN,BIJNOR,147000000.0
LOK_SABHA,Rajasthan,Chandra Prakash Joshi,CHITTORGARH,147000000.0
LOK_SABHA,Uttar Pradesh,CHANDRA SHEKHAR,NAGINA(SC),147000000.0
LOK_SABHA,Gujarat,CHANDUBHAI CHHAGANBHAI SHIHORA,SURENDRANAGAR,147000000.0
LOK_SABHA,Punjab,CHARANJIT SINGH CHANNI,JALANDHAR(SC),147000000.0
LOK_SABHA,Maharashtra,CHAVAN VASANTRAO BALWANTRAO,NANDED,0.0
LOK_SABHA,Uttar Pradesh,CHHATRA PAL SINGH GANGWAR,BAREILLY,147000000.0
LOK_SABHA,Maharashtra,CHHATRAPATI SHAHU SHAHAJI,KOLHAPUR,147000000.0
LOK_SABHA,Uttar Pradesh,CHHOTELAL,ROBERTSGANJ(SC),147000000.0
LOK_SABHA,Chhattisgarh,CHINTAMANI MAHARAJ,SARGUJA(ST),147000000.0
LOK_SABHA,Bihar,CHIRAG PASWAN,HAJIPUR(SC),147000000.0
LOK_SABHA,Tamil Nadu,CN Annadurai,TIRUVANNAMALAI,148579509.11
LOK_SABHA,Tamil Nadu,D M Kathir Anand,VELLORE,160196941.11
LOK_SABHA,Tamil Nadu,D Ravikumar,VILUPPURAM(SC),197598306.11
LOK_SABHA,Andhra Pradesh,Daggubati Purandeshwari,RAJAHMUNDRY,147000000.0
LOK_SABHA,Andhra Pradesh,DAGGUMALLA PRASADA RAO,CHITTOOR,147000000.0
LOK_SABHA,Rajasthan,DAMODAR AGARWAL,BHILWARA,147000000.0
LOK_SABHA,Uttar Pradesh,DAROGA PRASAD SAROJ,LALGANJ (SC),147000000.0
LOK_SABHA,Madhya Pradesh,DARSHAN SINGH CHOUDHARY,HOSHANGABAD,147000000.0
LOK_SABHA,Haryana,DEEPENDER SINGH HOODA,ROHTAK,147000000.0
LOK_SABHA,Uttar Pradesh,Devendra Alias Bhole Singh,AKBARPUR,147000000.0
LOK_SABHA,Bihar,DEVESH CHANDRA THAKUR,SITAMARHI,163809205.11
LOK_SABHA,Uttar Pradesh,DEVESH SHAKYA,ETAH,147000000.0
LOK_SABHA,Gujarat,Devusinh Jesingbhai Chauhan,KHEDA,147000000.0
LOK_SABHA,Maharashtra,Dhairyasheel Sambhajirao Mane,HATKANANGLE,147000000.0
LOK_SABHA,Maharashtra,DHANORKAR PRATIBHA SURESH ALIAS BALUBHAU,CHANDRAPUR,147000000.0
LOK_SABHA,Odisha,DHARMENDRA PRADHAN,SAMBALPUR,147000000.0
LOK_SABHA,Uttar Pradesh,DHARMENDRA YADAV,AZAMGARH,147000000.0
LOK_SABHA,Gujarat,DHAVAL LAXMANBHAI PATEL,VALSAD(ST),147000000.0
LOK_SABHA,Bihar,Dileshwar Kamait,SUPAUL,150450930.89
LOK_SABHA,Assam,Dilip Saikia,Darrang-Udalguri,147000000.0
LOK_SABHA,Bihar,Dinesh Chandra Yadav,MADHEPURA,150070866.11
LOK_SABHA,Gujarat,DINESHBHAI MAKWANA,AHMEDABAD WEST(SC),160434965.11
LOK_SABHA,Andhra Pradesh,DR BYREDDY SHABARI,NANDYAL,150675889.11
LOK_SABHA,Karnataka,DR C N MANJUNATH,BANGALORE RURAL,147000000.0
LOK_SABHA,Andhra Pradesh,Dr Chandra Sekhar Pemmasani,GUNTUR,159774113.11
LOK_SABHA,Punjab,DR DHARAMVIRA GANDHI,PATIALA,147000000.0
LOK_SABHA,West Bengal,Dr Jayanta Kumar Roy,JALPAIGURI(SC),147000000.0
LOK_SABHA,Maharashtra,DR KALGE SHIVAJI BANDAPPA,LATUR(SC),147000000.0
LOK_SABHA,Bihar,Dr Mohammad Jawed,KISHANGANJ,148669229.11
LOK_SABHA,Uttar Pradesh,DR RAJKUMAR SANGWAN,BAGHPAT,147000000.0
LOK_SABHA,Tamil Nadu,DR RANI SRI KUMAR,TENKASI(SC),153060922.82
LOK_SABHA,Kerala,Dr Shashi Tharoor,THIRUVANANTHAPURAM,147000000.0
LOK_SABHA,West Bengal,Dr Sukanta Majumdar,BALURGHAT,157085364.9
LOK_SABHA,Gujarat,DR. HEMANG JOSHI,VADODARA,147000000.0
LOK_SABHA,Maharashtra,DR. HEMANT VISHNU SAVARA,PALGHAR(ST),147000000.0
LOK_SABHA,Maharashtra,DR. KIRSAN NAMDEO,GADCHIROLI-CHIMUR(ST),147000000.0
LOK_SABHA,Madhya Pradesh,DR. LATA WANKHEDE,SAGAR,147000000.0
LOK_SABHA,Kerala,DR. M.P ABDUSSAMAD SAMADANI,PONNANI,170434031.11
LOK_SABHA,Gujarat,DR. MANSUKH MANDAVIYA,PORBANDAR,147000000.0
LOK_SABHA,Karnataka,DR. PRABHA MALLIKARJUN,DAVANAGERE,147000000.0
LOK_SABHA,Odisha,DR. PRADEEP KUMAR PANIGRAHY,BERHAMPUR,147000000.0
LOK_SABHA,Maharashtra,DR. PRASHANT YADAORAO PADOLE,BHANDARA-GONDIYA,159680283.39
LOK_SABHA,Punjab,DR. RAJ KUMAR CHABBEWAL,HOSHIARPUR(SC),147000000.0
LOK_SABHA,Madhya Pradesh,DR. RAJESH MISHRA,SIDHI,262724510.35
LOK_SABHA,Uttar Pradesh,DR. S P SINGH,PRATAPGARH,147000000.0
LOK_SABHA,West Bengal,DR. SHARMILA SARKAR,BARDHAMAN PURBA(SC),147000000.0
LOK_SABHA,Karnataka,DR.K.SUDHAKAR,CHIKBALLAPUR,147000000.0
LOK_SABHA,Telangana,DR.MALLU RAVI,NAGARKURNOOL(SC),147000000.0
LOK_SABHA,Jharkhand,DULU MAHATO,DHANBAD,147000000.0
LOK_SABHA,Tamil Nadu,DURAI VAIKO,TIRUCHIRAPPALLI,147000000.0
LOK_SABHA,Madhya Pradesh,Durga Das Uikey,BETUL(ST),151569502.91
LOK_SABHA,Rajasthan,Dushyant Singh,JHALAWAR-BARAN,147000000.0
LOK_SABHA,Karnataka,E. TUKARAM,BELLARY(ST),147000000.0
LOK_SABHA,Kerala,E.T. MOHAMMED BASHEER,MALAPPURAM,163895872.11
LOK_SABHA,Telangana,EATALA RAJENDER,MALKAJGIRI,327477390.86
LOK_SABHA,Tamil Nadu,ESWARASAMY K,POLLACHI,162315106.11
LOK_SABHA,Madhya Pradesh,Faggan Singh Kulaste,MANDLA(ST),151861648.41
LOK_SABHA,Karnataka,G. KUMAR NAIK,RAICHUR(ST),147000000.0
LOK_SABHA,Maharashtra,GAIKWAD VARSHA EKNATH,MUMBAI NORTH-CENTRAL,147000000.0
LOK_SABHA,Madhya Pradesh,Gajendra Singh Patel,KHARGONE(ST),147000000.0
LOK_SABHA,Rajasthan,Gajendra Singh Shekhawat,JODHPUR,147000000.0
LOK_SABHA,Tamil Nadu,GANAPATHY RAJKUMAR P,COIMBATORE,147370490.11
LOK_SABHA,Tamil Nadu,Ganesan Selvam,KANCHEEPURAM(SC),186508749.11
LOK_SABHA,Madhya Pradesh,Ganesh Singh,SATNA,147000000.0
LOK_SABHA,Assam,GAURAV GOGOI,JORHAT,147000000.0
LOK_SABHA,Gujarat,GENIBEN NAGAJI THAKOR,BANASKANTHA,147000000.0
LOK_SABHA,Bihar,Giridhari Yadav,BANKA,147000000.0
LOK_SABHA,Bihar,Giriraj Singh,BEGUSARAI,147000000.0
LOK_SABHA,Andhra Pradesh,GM Harish Balayogi,AMALAPURAM(SC),147000000.0
LOK_SABHA,Telangana,GODAM NAGESH,ADILABAD(ST),147000000.0
LOK_SABHA,Tamil Nadu,GOPINATH K,KRISHNAGIRI,147000000.0
LOK_SABHA,Karnataka,GOVIND MAKTHAPPA KARJOL,CHITRADURGA(SC),147000000.0
LOK_SABHA,Andhra Pradesh,Gumma Thanuja Rani,ARAKU(ST),149458905.11
LOK_SABHA,Punjab,GURMEET SINGH MEET HAYER,SANGRUR,147000000.0
LOK_SABHA,Madhya Pradesh,Gyaneshwar Patil,KHANDWA,155690684.77
LOK_SABHA,Karnataka,H.D. KUMARASWAMY,MANDYA,147000000.0
LOK_SABHA,Uttar Pradesh,HARENDRA SINGH MALIK,MUZAFFARNAGAR,147000000.0
LOK_SABHA,Gujarat,HARIBHAI PATEL,MAHESANA,147000000.0
LOK_SABHA,Rajasthan,HARISH CHANDRA MEENA,TONK-SAWAI MADHOPUR,147000000.0
LOK_SABHA,Delhi,Harsh Malhotra,EAST DELHI,147134131.0
LOK_SABHA,Gujarat,Hasmukh Bhai Soma Bhai Patel,AHMEDABAD EAST,147000000.0
LOK_SABHA,Uttar Pradesh,IMRAN MASOOD,SAHARANPUR,147000000.0
LOK_SABHA,Sikkim,Indra Hang Subba,SIKKIM,152003923.11
LOK_SABHA,Uttar Pradesh,IQRA CHOUDHARY,KAIRANA,147000000.0
LOK_SABHA,West Bengal,ISHA KHAN CHOUDHURY,MALDAHA DAKSHIN,147000000.0
LOK_SABHA,West Bengal,JAGADISH CHANDRA BARMA BASUNIA,COOCHBEHAR(SC),168604641.11
LOK_SABHA,Karnataka,JAGADISH SHETTAR,BELGAUM,147000000.0
LOK_SABHA,West Bengal,Jagannath Sarkar,RANAGHAT(SC),147000000.0
LOK_SABHA,Uttar Pradesh,Jagdambika Pal,DOMARIYAGANJ,160643957.11
LOK_SABHA,Haryana,JAI PARKASH,HISAR,147000000.0
LOK_SABHA,Uttar Pradesh,Jai Prakash,HARDOI (SC),147000000.0
LOK_SABHA,Madhya Pradesh,Janardan Mishra,REWA,147000000.0
LOK_SABHA,Gujarat,JASHUBHAI BHILUBHAI RATHVA,CHHOTA UDAIPUR(ST),147000000.0
LOK_SABHA,Gujarat,Jaswantsinh Sumanbhai Bhabhor,DAHOD(ST),147000000.0
LOK_SABHA,Bihar,JITAN RAM MANJHI,GAYA (SC),147000000.0
LOK_SABHA,Uttar Pradesh,JITENDRA KUMAR DOHARE,ETAWAH(SC),188747306.26
LOK_SABHA,Jammu And Kashmir,Jitendra Singh,UDHAMPUR,147000000.0
LOK_SABHA,Uttar Pradesh,JITIN PRASADA,PILIBHIT,147000000.0
LOK_SABHA,Jharkhand,JOBA MAJHI,SINGHBHUM(ST),147000000.0
LOK_SABHA,Assam,JOYANTA BASUMATARY,KOKRAJHAR (ST),147000000.0
LOK_SABHA,West Bengal,JUNE MALIAH,MEDINIPUR,147000000.0
LOK_SABHA,Madhya Pradesh,JYOTIRADITYA M. SCINDIA,GUNA,147000000.0
LOK_SABHA,Chhattisgarh,Jyotsna Charandas Mahant,KORBA,155153738.11
LOK_SABHA,Tamil Nadu,K E PRAKASH,ERODE,147000000.0
LOK_SABHA,Kerala,K RADHAKRISHNAN,ALATHUR(SC),147000000.0
LOK_SABHA,Tamil Nadu,K Subbarayan,TIRUPPUR,147000000.0
LOK_SABHA,Kerala,K. C VENUGOPAL,ALAPPUZHA,147000000.0
LOK_SABHA,Karnataka,K. RAJASHEKAR BASAVARAJ HITNAL,KOPPAL,147000000.0
LOK_SABHA,Telangana,KADIYAM KAVYA,WARANGEL(SC),147000000.0
LOK_SABHA,West Bengal,Kakoli Ghosh Dastidar,BARASAT,147000000.0
LOK_SABHA,The Dadra And Nagar Haveli And Daman And Diu,Kalaben Mohanbhai Delkar,DADRA & NAGAR HAVELI (ST),269500000.0
LOK_SABHA,Tamil Nadu,Kalanidhi Veeraswamy,CHENNAI NORTH,171500000.0
LOK_SABHA,Jharkhand,KALI CHARAN MUNDA,KHUNTI(ST),147000000.0
LOK_SABHA,Jharkhand,KALI CHARAN SINGH,CHATRA,147000000.0
LOK_SABHA,West Bengal,KALIPADA SAREN,JHARGRAM(ST),147000000.0
LOK_SABHA,West Bengal,Kalyan Banerjee,SREERAMPUR,147000000.0
LOK_SABHA,Maharashtra,KALYAN VAIJINATHRAO KALE,JALNA,147000000.0
LOK_SABHA,Assam,KAMAKHYA PRASAD TASA,Kaziranga,147000000.0
LOK_SABHA,Delhi,Kamaljeet Sehrawat,WEST DELHI,147000000.0
LOK_SABHA,Chhattisgarh,KAMLESH JANGDE,JANJGIR CHAMPA(SC),150384382.11
LOK_SABHA,Uttar Pradesh,Kamlesh Paswan,BANSGAON(SC),147000000.0
LOK_SABHA,Himachal Pradesh,Kangana Ranaut,MANDI,147000000.0
LOK_SABHA,Tamil Nadu,Kani K Navas,RAMANATHAPURAM,147000000.0
LOK_SABHA,Tamil Nadu,Kanimozhi Karunanidhi,THOOTHUKKUDI,147000000.0
LOK_SABHA,Uttar Pradesh,KANWAR SINGH TANWAR,AMROHA,147000000.0
LOK_SABHA,Uttar Pradesh,KARAN BHUSHAN SINGH,KAISERGANJ,147000000.0
LOK_SABHA,West Bengal,KARTICK CHANDRA PAUL,RAIGANJ,202677986.56
LOK_SABHA,Bihar,Kaushalendra Kumar,NALANDA,147000000.0
LOK_SABHA,West Bengal,Khagen Murmu,MALDAHA UTTAR,147000000.0
LOK_SABHA,West Bengal,Khalilur Rahaman,JANGIPUR,147000000.0
LOK_SABHA,Andhra Pradesh,Kinjarapu Ram Mohan Naidu,SRIKAKULAM,171200630.11
LOK_SABHA,Arunachal Pradesh,Kiren Rijiju,ARUNACHAL WEST,147000000.0
LOK_SABHA,Uttar Pradesh,Kirti Vardhan Singh,GONDA,147000000.0
LOK_SABHA,Telangana,Kishan Reddy Gangapuram,SECUNDERABAD,147000000.0
LOK_SABHA,Uttar Pradesh,KISHORI LAL,AMETHI,171500000.0
LOK_SABHA,Telangana,KONDA VISHWESHWAR REDDY,CHELVELLA,233721420.96
LOK_SABHA,Karnataka,KOTA SRINIVAS POOJARY,UDUPI CHIKMAGALUR,147000000.0
LOK_SABHA,Assam,Kripanath Mallah,KARIMGANJ (SC),147000000.0
LOK_SABHA,Haryana,Krishan Pal Gurjar,FARIDABAD,147000000.0
LOK_SABHA,Uttar Pradesh,KRISHNA DEVI SHIVSHANKER PATEL,BANDA,147000000.0
LOK_SABHA,Andhra Pradesh,Krishna Prasad Tenneti,BAPATLA,167796849.11
LOK_SABHA,Tripura,KRITI DEVI DEBBARMAN,TRIPURA EAST(ST),147000000.0
LOK_SABHA,Rajasthan,KULDEEP INDORA,GANGANAGAR(SC),147000000.0
LOK_SABHA,Telangana,KUNDURU RAGHUVEER,NALGONDA,162952022.0
LOK_SABHA,Uttar Pradesh,LALJI VERMA,AMBEDKAR NAGAR,147000000.0
LOK_SABHA,Andhra Pradesh,Lavu Sri Krishna Devarayalu,NARASARAOPET,174009663.11
LOK_SABHA,Uttar Pradesh,LAXMIKANT PAPPU NISHAD,SANT KABIR NAGAR,147000000.0
LOK_SABHA,Bihar,LOVELY ANAND,SHEOHAR,147000000.0
LOK_SABHA,Rajasthan,LUMBARAM,JALORE,147000000.0
LOK_SABHA,Karnataka,M. MALLESH BABU,KOLAR(SC),147065957.11
LOK_SABHA,Tamil Nadu,M.K. VISHNUPRASAD,CUDDALORE,147000000.0
LOK_SABHA,Andhra Pradesh,Maddila Gurumoorthy,TIRUPATI(SC),180399007.0
LOK_SABHA,Telangana,MADHAVANENI RAGHUNANDAN RAO,MEDAK,147000000.0
LOK_SABHA,Andhra Pradesh,Magunta Sreenivasulu Reddy,ONGOLE,147000000.0
LOK_SABHA,Madhya Pradesh,Mahendra Singh Solanky,DEWAS(SC),147000000.0
LOK_SABHA,Chhattisgarh,MAHESH KASHYAP,BASTAR(ST),147000000.0
LOK_SABHA,Uttar Pradesh,Mahesh Sharma,GAUTAM BUDDHA NAGAR,148816284.11
LOK_SABHA,Rajasthan,MAHIMA KUMARI MEWAR,RAJSAMAND,183892143.0
LOK_SABHA,Uttarakhand,Mala Rajya Laxmi Shah,TEHRI GARHWAL,147000000.0
LOK_SABHA,West Bengal,Mala Roy,KOLKATA DAKSHIN,147000000.0
LOK_SABHA,Tamil Nadu,MALAIYARASAN D,KALLAKURICHI,201599593.0
LOK_SABHA,Odisha,MALVIKA DEVI,KALAHANDI,147000000.0
LOK_SABHA,Punjab,MALVINDER SINGH KANG,ANANDPUR SAHIB,147000000.0
LOK_SABHA,Tamil Nadu,MANI. A.,DHARAMAPURI,164515071.11
LOK_SABHA,Tamil Nadu,Manickam Tagore B,VIRUDHUNAGAR,147000000.0
LOK_SABHA,Jharkhand,MANISH JAISWAL,HAZARIBAGH,147000000.0
LOK_SABHA,Chandigarh,MANISH TEWARI,CHANDIGARH,178351443.75
LOK_SABHA,Rajasthan,MANJU SHARMA,JAIPUR,167082901.11
LOK_SABHA,Rajasthan,MANNA LAL RAWAT,UDAIPUR(ST),147000000.0
LOK_SABHA,Haryana,MANOHAR LAL,KARNAL,147000000.0
LOK_SABHA,Bihar,MANOJ KUMAR,SASARAM(SC),147000000.0
LOK_SABHA,West Bengal,MANOJ TIGGA,ALIPURDUARS(ST),147000000.0
LOK_SABHA,Delhi,Manoj Tiwari,NORTH EAST DELHI,225843858.0
LOK_SABHA,Gujarat,Mansukhbhai Dhanjibhai Vasava,BHARUCH,147000000.0
LOK_SABHA,Jammu And Kashmir,MIAN ALTAF AHMAD,ANANTNAG,147000000.0
LOK_SABHA,Andhra Pradesh,Midhun Reddy,RAJAMPET,178951477.11
LOK_SABHA,Bihar,MISHA BHARTI,PATALIPUTRA,147000000.0
LOK_SABHA,Gujarat,Mitesh Rameshbhai Bakabhai Patel,ANAND,147000000.0
LOK_SABHA,Ladakh,Mohamed Haneefa,LADAKH,161114542.0
LOK_SABHA,Uttar Pradesh,MOHIBBULLAH,RAMPUR,147000000.0
LOK_SABHA,Maharashtra,MOHITE PATIL DHAIRYASHEEL RAJSINH,MADHA,195613601.7
LOK_SABHA,Bihar,Mr Gopal Jee Thakur,DARBHANGA,147000000.0
LOK_SABHA,West Bengal,Ms Mahua Moitra,KRISHNANAGAR,159865046.0
LOK_SABHA,Lakshadweep,MUHAMMED HAMDULLAH SAYEED,LAKSHADWEEP(ST),153942460.41
LOK_SABHA,Uttar Pradesh,Mukesh Rajput,FARRUKHABAD,147000000.0
LOK_SABHA,Gujarat,MUKESHKUMAR CHANDRAKAANT DALAL,SURAT,147000000.0
LOK_SABHA,Rajasthan,MURARI LAL MEENA,DAUSA(ST),147000000.0
LOK_SABHA,Tamil Nadu,MURASOLI S,THANJAVUR,147000000.0
LOK_SABHA,Maharashtra,MURLIDHAR MOHOL,PUNE,147000000.0
LOK_SABHA,Odisha,NABA CHARAN MAJHI,MAYURBHANJ (ST),147563957.11
LOK_SABHA,Jharkhand,NALIN SOREN,DUMKA(ST),147364097.11
LOK_SABHA,Uttar Pradesh,NARAYAN DAS AHIRWAR,JALAUN(SC),147000000.0
LOK_SABHA,Maharashtra,NARAYAN TATU RANE,RATNAGIRI-SINDHUDURG,147000000.0
LOK_SABHA,Uttar Pradesh,NARESH CHANDRA UTTAM PATEL,FATEHPUR,147000000.0
LOK_SABHA,Maharashtra,NARESH GANPAT MHASKE,THANE,147000000.0
LOK_SABHA,Haryana,NAVEEN JINDAL,KURUKSHETRA,147000000.0
LOK_SABHA,Uttar Pradesh,NEERAJ MAURYA,AONLA,147000000.0
LOK_SABHA,Maharashtra,NILESH DNYANDEV LANKE,AHMEDNAGAR,147000000.0
LOK_SABHA,Gujarat,NIMUBEN JAYANTIBHAI BAMBHANIYA,BHAVNAGAR,147000000.0
LOK_SABHA,Jharkhand,Nishikant Dubey,GODDA,147000000.0
LOK_SABHA,Maharashtra,Nitin Jairam Gadkari,NAGPUR,168195086.11
LOK_SABHA,Bihar,Nityanand Rai,UJJARPUR,147000000.0
LOK_SABHA,Rajasthan,Om Birla,KOTA,163906956.6
LOK_SABHA,Maharashtra,Omprakash Bhupalsinh Alias Pawan Rajenimbalkar,OSMANABAD,184758519.11
LOK_SABHA,Karnataka,P C Mohan,BANGALORE CENTRAL,159995711.11
LOK_SABHA,Uttar Pradesh,Pankaj Chowdhary,MAHARAJGANJ_UP,147000000.0
LOK_SABHA,Assam,PARIMAL SUKLABAIDYA,SILCHAR,148300157.11
LOK_SABHA,Gujarat,PARSHOTTAMBHAI RUPALA,RAJKOT,147000000.0
LOK_SABHA,West Bengal,PARTHA BHOWMICK,BARRACKPUR,147000000.0
LOK_SABHA,Karnataka,Parvatagouda Chandanagouda Gaddigoudar,BAGALKOT,167541747.11
LOK_SABHA,The Dadra And Nagar Haveli And Daman And Diu,PATEL UMESHBHAI BABUBHAI,DAMAN and DIU,245063957.0
LOK_SABHA,West Bengal,PATHAN YUSUF,BAHARAMPUR,147000000.0
LOK_SABHA,Assam,PHANI BHUSAN CHOUDHURY,BARPETA,147000000.0
LOK_SABHA,Maharashtra,Piyush Vedprakash Goyal,MUMBAI NORTH,147000000.0
LOK_SABHA,Andhra Pradesh,PRABHAKAR REDDY VEMIREDDY,NELLORE(SC),147000000.0
LOK_SABHA,Gujarat,Prabhubhai Nagarbhai Vasava,BARDOLI(ST),147000000.0
LOK_SABHA,Assam,Pradan Baruah,LAKHIMPUR,147000000.0
LOK_SABHA,Bihar,Pradeep Kumar Singh,ARARIA,147000000.0
LOK_SABHA,Odisha,PRADEEP PUROHIT,BARGARH,147000000.0
LOK_SABHA,Assam,Pradyut Bordoloi,NOWGONG,98000000.0
LOK_SABHA,Karnataka,Pralhad Venkatesh Joshi,DHARWAD,147000000.0
LOK_SABHA,Maharashtra,PRANITI SUSHILKUMAR SHINDE,SOLAPUR(SC),147000000.0
LOK_SABHA,West Bengal,Prasun Banerjee,HOWRAH,147000000.0
LOK_SABHA,Odisha,Pratap Chandra Sarangi,BALASORE,147064254.11
LOK_SABHA,Maharashtra,Prataprao Jadhav,BULDHANA,147000000.0
LOK_SABHA,West Bengal,Pratima Mondal,JOYNAGAR(SC),147000000.0
LOK_SABHA,Delhi,Praveen Khandelwal,CHANDINI CHOWK,147470276.0
LOK_SABHA,Uttar Pradesh,PRAVEEN PATEL,PHULPUR,151559884.09
LOK_SABHA,Uttar Pradesh,PRIYA SAROJ,MACHHLISHAHR(SC),147000000.0
LOK_SABHA,Kerala,Priyanka Gandhi Vadra,WAYANAD,122500000.0
LOK_SABHA,Karnataka,PRIYANKA SATISH JARKIHOLI,CHIKKODI,147000000.0
LOK_SABHA,West Bengal,Prof Sougata Ray,DUM DUM,147000000.0
LOK_SABHA,Uttar Pradesh,Prof SP Singh Baghel,AGRA(SC),147000000.0
LOK_SABHA,Uttar Pradesh,PUSHPENDRA SAROJ,KAUSHAMBI(SC),147000000.0
LOK_SABHA,Andhra Pradesh,Putta Mahesh Kumar,ELURU,147000000.0
LOK_SABHA,Uttar Pradesh,R.K. CHAUDHARY,MOHANLALGANJ(SC),147000000.0
LOK_SABHA,Odisha,RABINDRA NARAYAN BEHERA,JAJPUR(SC),147064617.11
LOK_SABHA,West Bengal,RACHNA BANERJEE,HOOGHLY,147000000.0
LOK_SABHA,Bihar,Radha Mohan Singh,PURVI CHAMPARAN,147000000.0
LOK_SABHA,Karnataka,RADHAKRISHNA,GULBARGA(SC),147000000.0
LOK_SABHA,Chhattisgarh,RADHE SHYAM RATHIYA,RAIGARH(ST),159706972.09
LOK_SABHA,Uttar Pradesh,RAHUL GANDHI,RAE BARELI,147000000.0
LOK_SABHA,Rajasthan,Rahul Kaswan,CHURU,147000000.0
LOK_SABHA,Madhya Pradesh,RAHUL SINGH LODHI,DAMOH,163058785.37
LOK_SABHA,Bihar,RAJ BHUSHAN CHOUDHARY,MUZAFFARPUR,147000000.0
LOK_SABHA,Rajasthan,RAJ KUMAR ROAT,BANSWARA(ST),147000000.0
LOK_SABHA,Bihar,RAJA RAM SINGH,KARAKAT,147000000.0
LOK_SABHA,Maharashtra,RAJABHAU,NASHIK,152878682.11
LOK_SABHA,Himachal Pradesh,RAJEEV BHARDWAJ,KANGRA,179388967.11
LOK_SABHA,Uttar Pradesh,RAJEEV RAI,GHOSI,147000000.0
LOK_SABHA,Bihar,RAJESH RANJAN ALIAS PAPPU YADAV,PURNEA,147000000.0
LOK_SABHA,Bihar,RAJESH VERMA,KHAGARIA,147000000.0
LOK_SABHA,Gujarat,Rajeshbhai Naranbhai Chudasama,JUNAGADH,147000000.0
LOK_SABHA,Bihar,Rajiv Pratap Rudy,SARAN,147000000.0
LOK_SABHA,Bihar,Rajiv Ranjan (Lalan) Singh,MUNGER,147000000.0
LOK_SABHA,Uttar Pradesh,Rajkumar Chahar,FATEHPUR SIKRI,147000000.0
LOK_SABHA,Uttar Pradesh,Rajnath Singh,LUCKNOW,154808797.11
LOK_SABHA,Gujarat,RAJPALSINH MAHENDRASINH JADAV,PANCHMAHAL,147000000.0
LOK_SABHA,West Bengal,Raju Bista,DARJEELING,147000000.0
LOK_SABHA,Uttar Pradesh,RAKESH RATHOR,SITAPUR,147000000.0
LOK_SABHA,Assam,RAKIBUL HUSSAIN,DHUBRI,147000000.0
LOK_SABHA,Uttar Pradesh,RAM PRASAD CHAUDHARY,BASTI,204176957.11
LOK_SABHA,Uttar Pradesh,Ram Shiromani,SHRAWASTI,151746878.11
LOK_SABHA,Telangana,RAMASAHAYAM RAGHURAM REDDY,KHAMMAM,147000000.0
LOK_SABHA,Uttar Pradesh,RAMASHANKAR RAJBHAR,SALEMPUR,160056927.07
LOK_SABHA,Uttar Pradesh,RAMBHUAL NISHAD,SULTANPUR,151231957.11
LOK_SABHA,Uttar Pradesh,RAMESH AWASTHI,KANPUR,147000000.0
LOK_SABHA,Karnataka,Ramesh Chandappa Jigajinagi,BIJAPUR(SC),269500000.0
LOK_SABHA,Bihar,Ramprit Mandal,JHANJHARPUR,147000000.0
LOK_SABHA,Delhi,Ramvir Singh Bidhuri,SOUTH DELHI,147559100.0
LOK_SABHA,Assam,RANJIT DUTTA,Sonitpur,147000000.0
LOK_SABHA,Haryana,Rao Inderjit Singh,GURGAON,147000000.0
LOK_SABHA,Rajasthan,Rao Rajendra Singh,JAIPUR RURAL,147000000.0
LOK_SABHA,Bihar,Ravi Shankar Prasad,PATNA SAHIB,147000000.0
LOK_SABHA,Maharashtra,RAVINDRA DATTARAM WAIKAR,MUMBAI NORTH WEST,147000000.0
LOK_SABHA,Uttar Pradesh,Ravindra Shyamnarayan Alias Ravi Kishan Shukla,GORAKHPUR,147000000.0
LOK_SABHA,Maharashtra,Ravindra Vasantrao Chavan,NANDED,147000000.0
LOK_SABHA,Mizoram,RICHARD VANLALHMANGAIHA,MIZORAM (ST),147000000.0
LOK_SABHA,Tamil Nadu,ROBERT BRUCE C,TIRUNELVELI,147475440.11
LOK_SABHA,Madhya Pradesh,Rodmal Nagar,RAJGARH,147000000.0
LOK_SABHA,Chhattisgarh,ROOP KUMARI CHOUDHARY,MAHASAMUND,153035414.0
LOK_SABHA,Uttar Pradesh,RUCHI VIRA,MORADABAD,147000000.0
LOK_SABHA,Odisha,RUDRA NARAYAN PANY,DHENKANAL,155013957.11
LOK_SABHA,Nagaland,S SUPONGMEREN JAMIR,NAGALAND,147000000.0
LOK_SABHA,Tamil Nadu,S Venkatesan,MADURAI,147000000.0
LOK_SABHA,Tamil Nadu,S. Jagathrakshakan,ARAKKONAM,180589332.34
LOK_SABHA,Tamil Nadu,SACHITHANANTHAM R,DINDIGUL,147000000.0
LOK_SABHA,Karnataka,SAGAR ESHWAR KHANDRE,BIDAR,147000000.0
LOK_SABHA,Meghalaya,SALENG A SANGMA,TURA,147000000.0
LOK_SABHA,Odisha,SAMBIT PATRA,PURI,147000000.0
LOK_SABHA,Uttar Pradesh,SANATAN PANDEY,BALLIA,180420041.4
LOK_SABHA,Maharashtra,SANJAY DINA PATIL,MUMBAI NORTH EAST,147000000.0
LOK_SABHA,Maharashtra,Sanjay Haribhau Jadhav,PARBHANI,147000000.0
LOK_SABHA,Bihar,Sanjay Jaiswal,PASCHIM CHAMPARAN,147000000.0
LOK_SABHA,Telangana,Sanjay Kumar Bandi,KARIMNAGAR,172775317.11
LOK_SABHA,Jharkhand,Sanjay Seth,RANCHI,147064357.11
LOK_SABHA,Maharashtra,Sanjay Uttamrao Deshmukh,YAVATMAL-WASHIM,185640423.0
LOK_SABHA,Rajasthan,SANJNA JATAV,BHARATPUR(SC),147000000.0
LOK_SABHA,Chhattisgarh,Santosh Pandey,RAJNANDGAON,147000000.0
LOK_SABHA,Odisha,Saptagiri Sankar Ulaka,KORAPUT(ST),269500000.0
LOK_SABHA,Punjab,SARABJEET SINGH KHALSA,FARIDKOT(SC),150850348.15
LOK_SABHA,Tamil Nadu,Sasikanth Senthil,TIRUVALLUR(SC),171500000.0
LOK_SABHA,Haryana,SATPAL BRAHAMCHARI,SONEPAT,147000000.0
LOK_SABHA,West Bengal,Saumitra khan,BISHNUPUR(SC),147000000.0
LOK_SABHA,Madhya Pradesh,SAVITRI THAKUR,DHAR(ST),147000000.0
LOK_SABHA,West Bengal,SAYANI GHOSH,JADAVPUR,147000000.0
LOK_SABHA,Haryana,SELJA,SIRSA(SC),147000000.0
LOK_SABHA,Tamil Nadu,SELVAGANAPATHI T M,SALEM,147000000.0
LOK_SABHA,Tamil Nadu,SELVARAJ V,NAGAPATTINAM(SC),147000000.0
LOK_SABHA,Kerala,SHAFI PARAMBIL,VADAKARA,147000000.0
LOK_SABHA,Bihar,SHAMBHAVI,SAMASTIPUR(SC),147000000.0
LOK_SABHA,Madhya Pradesh,Shankar Lalwani,INDORE,147000000.0
LOK_SABHA,Uttar Pradesh,SHASHANK MANI,DEORIA,147000000.0
LOK_SABHA,West Bengal,Shatrughan Sinha,ASANSOL,147000000.0
LOK_SABHA,Punjab,SHER SINGH GHUBAYA,FIROZPUR,147000000.0
LOK_SABHA,Madhya Pradesh,SHIVMANGAL SINGH TOMAR,MORENA,147000000.0
LOK_SABHA,Madhya Pradesh,SHIVRAJ SINGH CHOUHAN,VIDISHA,147000000.0
LOK_SABHA,Karnataka,SHOBHA KARANDLAJE,BANGALORE NORTH,147000000.0
LOK_SABHA,Gujarat,SHOBHANABEN MAHENDRASINH BARAIYA,SABARKANTHA,147000000.0
LOK_SABHA,Karnataka,SHREYAS. M. PATEL,HASSAN,147000000.0
LOK_SABHA,Haryana,Shri  Dharambir Singh,BHIWANI MAHENDRAGARH,147000000.0
LOK_SABHA,West Bengal,Shri Abhishek Banerjee,DIAMOND HARBOUR,147000000.0
LOK_SABHA,Punjab,Shri Amar Singh,FATEHGARH SAHIB(SC),147000000.0
LOK_SABHA,Gujarat,Shri Amit Shah,GANDHINAGAR,147000000.0
LOK_SABHA,Madhya Pradesh,Shri Anil Firojiya,UJJAIN(SC),147000000.0
LOK_SABHA,Rajasthan,Shri Arjun Ram Meghwal,BIKANER(SC),147000000.0
LOK_SABHA,Uttar Pradesh,Shri Arun Kumar Sagar,SHAHJAHANPUR(SC),147000000.0
LOK_SABHA,Karnataka,Shri B Y Raghavendra,SHIMOGA,147000000.0
LOK_SABHA,Kerala,Shri Benny Behanan,CHALAKUDY,164674770.11
LOK_SABHA,Odisha,Shri Bhartruhari Mahtab,CUTTACK,147000000.0
LOK_SABHA,Jharkhand,Shri Chandra Prakash Choudhary,GIRIDIH,147000000.0
LOK_SABHA,West Bengal,Shri Deepak (Dev) Adhikari,GHATAL,200747364.0
LOK_SABHA,Punjab,Shri Gurjeet Singh Aujla,AMRITSAR,147000000.0
LOK_SABHA,Rajasthan,Shri Hanuman Beniwal,NAGAUR,147000000.0
LOK_SABHA,Kerala,Shri Hibi Eden,ERNAKULAM,162177260.11
LOK_SABHA,Bihar,Shri Janardan Singh Sigriwal,MAHARAJGANJ_BR,147000000.0
LOK_SABHA,Odisha,Shri Jual Oram,SUNDARGARH (ST),173096756.91
LOK_SABHA,Jammu And Kashmir,Shri Jugal Kishore Sharma,JAMMU,147000000.0
LOK_SABHA,West Bengal,Shri Jyotirmay Singh Mahato,PURULIA,147000000.0
LOK_SABHA,Tamil Nadu,Shri Karti P Chidambaram,SIVAGANGA,159049284.11
LOK_SABHA,Kerala,Shri Kumbakudi Sudhakaran,KANNUR,147000000.0
LOK_SABHA,Karnataka,Shri LS Tejasvi Surya,BANGALORE SOUTH,147000000.0
LOK_SABHA,Kerala,Shri M K Raghavan,KOZHIKODE,147000000.0
LOK_SABHA,Uttar Pradesh,Shri Narendra Modi,VARANASI,162070276.11
LOK_SABHA,Kerala,Shri NK Premachandran,KOLLAM,171477994.11
LOK_SABHA,Rajasthan,Shri PP Chaudhary,PALI,147000000.0
LOK_SABHA,Kerala,Shri Rajmohan Unnithan,KASARAGOD,156754633.11
LOK_SABHA,Assam,Shri Sarbananda Sonowal (18LS),DIBRUGARH,147000000.0
LOK_SABHA,Uttar Pradesh,Shri Satish Kumar Gautam,ALIGARH,147000000.0
LOK_SABHA,West Bengal,Shri Shantanu Thakur,BANGAON(SC),147000000.0
LOK_SABHA,Madhya Pradesh,Shri Sudheer Gupta,MANDSOUR,148988014.83
LOK_SABHA,Kerala,Shri Suresh Kodikunnil,MAVELIKKARA(SC),172429519.11
LOK_SABHA,Arunachal Pradesh,Shri Tapir Gao,ARUNACHAL EAST,147000000.0
LOK_SABHA,Tamil Nadu,Shri vijayakumar Vasanth,KANNIYAKUMARI,171500000.0
LOK_SABHA,Maharashtra,Shrikant Eknath Shinde,KALYAN,147000000.0
LOK_SABHA,Maharashtra,SHRIMANT CHH UDAYANRAJE PRATAPSINHAMAHARAJ BHONSLE,SATARA,147000000.0
LOK_SABHA,Goa,Shripad Yesso Naik,NORTH GOA,147000000.0
LOK_SABHA,Maharashtra,Shrirang Appa Barne,MAVAL,147000000.0
LOK_SABHA,Maharashtra,Shyamkumar,RAMTEK(SC),147000000.0
LOK_SABHA,Andhra Pradesh,Sivanath Kesineni,VIJAYAWADA,159864032.49
LOK_SABHA,West Bengal,SK NURUL ISLAM,BASIRHAT,49000000.0
LOK_SABHA,Maharashtra,SMITA UDAY WAGH,JALGAON,148107373.11
LOK_SABHA,Uttar Pradesh,Smt Anupriya Patel,MIRZAPUR,147000000.0
LOK_SABHA,Odisha,Smt Aparajita Sarangi,BHUBANESWAR,147420861.41
LOK_SABHA,Uttar Pradesh,Smt Dimple Yadav,MAINPURI,192042469.11
LOK_SABHA,Punjab,Smt Harsimrat Kaur Badal,BHATINDA,159775982.39
LOK_SABHA,Uttar Pradesh,Smt Hema Malini,MATHURA,147000000.0
LOK_SABHA,Madhya Pradesh,Smt Himadri Singh,SHAHDOL (ST),150724861.11
LOK_SABHA,Gujarat,Smt Poonamben Hematbhai Maadam,JAMNAGAR,147000000.0
LOK_SABHA,Maharashtra,Smt Raksha Nikhil Khadse,RAVER,153112586.11
LOK_SABHA,Tamil Nadu,Smt S Jothimani,KARUR,147000000.0
LOK_SABHA,West Bengal,Smt Sajda Ahmed,ULUBERIA,147000000.0
LOK_SABHA,Madhya Pradesh,Smt Sandhya Ray,BHIND(SC),147000000.0
LOK_SABHA,Odisha,Smt Sangeeta Kumari Singh Deo,BOLANGIR,147000000.0
LOK_SABHA,West Bengal,Smt Satabdi Roy (Banerjee),BIRBHUM,147000000.0
LOK_SABHA,Maharashtra,Smt Supriya Sadanand Sule,BARAMATI,147000000.0
LOK_SABHA,Bihar,Smt Veena Devi,VAISHALI,147000000.0
LOK_SABHA,Andhra Pradesh,Sribharat MathuKumli,VISAKHAPATNAM,164841922.0
LOK_SABHA,Bihar,SUDAMA PRASAD,ARRAH,147000000.0
LOK_SABHA,Tamil Nadu,SUDHA R,MAYILADUTHURAI,147332315.11
LOK_SABHA,Bihar,SUDHAKAR SINGH,BUXAR,185211956.54
LOK_SABHA,West Bengal,Sudip Bandyopadhyay,KOLKATA UTTAR,147000000.0
LOK_SABHA,Odisha,SUKANTA KUMAR PANIGRAHI,KANDHAMAL,190712424.11
LOK_SABHA,Jharkhand,SUKHDEO BHAGAT,LOHARDAGA(ST),171821957.11
LOK_SABHA,Punjab,SUKHJINDER SINGH RANDHAWA,GURDASPUR,147000000.0
LOK_SABHA,Karnataka,SUNIL BOSE,CHAMARAJANAGAR(SC),147000000.0
LOK_SABHA,Maharashtra,Sunil Dattatray Tatkare,RAIGAD,147000000.0
LOK_SABHA,Bihar,Sunil Kumar,VALMIKI NAGAR,147000000.0
LOK_SABHA,Bihar,SURENDRA PRASAD YADAV,JAHANABAD,155325714.0
LOK_SABHA,Kerala,SURESH GOPI,THRISSUR,147000000.0
LOK_SABHA,Himachal Pradesh,Suresh Kumar Kashyap,SHIMLA (SC),153563957.11
LOK_SABHA,Telangana,SURESH KUMAR SHETKAR,ZAHIRABAD,147000000.0
LOK_SABHA,Uttar Pradesh,Swami Sachchidanandhari Sakshi ji Maharaj,UNNAO,147000000.0
LOK_SABHA,Tamil Nadu,T Sumathy (A) Thamizhachi Thangapandian,CHENNAI SOUTH,147000000.0
LOK_SABHA,Andhra Pradesh,TANGELLA UDAY SRINIVAS,KAKINADA,199417886.76
LOK_SABHA,Uttar Pradesh,TANUJ PUNIA,BARABANKI(SC),148198170.11
LOK_SABHA,Bihar,TARIQ ANWAR,KATIHAR,147000000.0
LOK_SABHA,Tamil Nadu,Thalikkottai Rajuthevar Baalu,SRIPERUMBUDUR,196905535.11
LOK_SABHA,Tamil Nadu,THANGA TAMILSELVAN,THENI,167755939.81
LOK_SABHA,Tamil Nadu,THARANIVENTHAN M S,ARANI,168337124.35
LOK_SABHA,Tamil Nadu,Thiru Dayanidhi Maran,CHENNAI CENTRAL,147000000.0
LOK_SABHA,Tamil Nadu,Thirumaa Valavan Thol,CHIDAMBARAM(SC),147000000.0
LOK_SABHA,Chhattisgarh,TOKHAN SAHU,BILASPUR,147000000.0
LOK_SABHA,Uttarakhand,TRIVENDRA SINGH RAWAT,HARDWAR,147000000.0
LOK_SABHA,Uttar Pradesh,UJJWAL RAMAN SINGH,ALLAHABAD,147000000.0
LOK_SABHA,Rajasthan,UMMEDA RAM BENIWAL,BARMER,147000000.0
LOK_SABHA,Uttar Pradesh,UTKARSH VERMA MADHUR,KHERI,147000000.0
LOK_SABHA,Tamil Nadu,V S Matheswaran,NAMAKKAL,162539930.11
LOK_SABHA,Karnataka,V. SOMANNA,TUMKUR,147000000.0
LOK_SABHA,Puducherry,Vaithilingam Ve,Puducherry,209368972.11
LOK_SABHA,Telangana,VAMSI KRISHNA GADDAM,PEDDAPALLE,148451721.11
LOK_SABHA,Haryana,VARUN CHAUDHRY,AMBALA (SC),255454264.0
LOK_SABHA,Kerala,Vellalath Kochukrishnan Nair Sreekandan,PALAKKAD,167807990.11
LOK_SABHA,Chhattisgarh,Vijay Baghel,DURG,147000000.0
LOK_SABHA,Uttar Pradesh,Vijay Kumar Dubey,KUSHI NAGAR,148900000.0
LOK_SABHA,Jharkhand,Vijay Kumar Hansdak,RAJMAHAL(ST),147223957.11
LOK_SABHA,Bihar,VIJAYLAKSHMI DEVI,SIWAN,147000000.0
LOK_SABHA,Gujarat,Vinod Chavda,KACHCHH(SC),147000000.0
LOK_SABHA,Uttar Pradesh,VINOD KUMAR BIND,BHADOHI,147000000.0
LOK_SABHA,Madhya Pradesh,Virendra Kumar,TIKAMGARH(SC),147000000.0
LOK_SABHA,Uttar Pradesh,VIRENDRA SINGH,CHANDAULI,147000000.0
LOK_SABHA,Maharashtra,VISHAL,SANGLI,147000000.0
LOK_SABHA,Jharkhand,Vishnu Dayal Ram,PALAMU(SC),158176083.11
LOK_SABHA,Madhya Pradesh,Vishnu Dutt Sharma,KHAJURAHO,147000000.0
LOK_SABHA,Karnataka,VISHWESHWAR HEGDE KAGERI,UTTARA KANNADA,147000000.0
LOK_SABHA,Bihar,VIVEK THAKUR,NAWADA,147000000.0
LOK_SABHA,Andhra Pradesh,Y S Avinash Reddy,KADAPA,156430260.11
LOK_SABHA,Karnataka,YADUVEER KRISHNADATTA CHAMARAJA WADIYAR,MYSORE,147000000.0
LOK_SABHA,Delhi,Yogendra Chandoliya,NORTH WEST DELHI(SC),147876307.0
LOK_SABHA,Uttar Pradesh,ZIA UR REHMAN,SAMBHAL,147000000.0
RAJYA_SABHA,Telangana,Dr. Abhishek Manu Singhvi (2026-32) (2026-2032),Telangana (Rajya Sabha),73421449.0
RAJYA_SABHA,Maharashtra,Dr. Ajeet Madhavrao Gopchade (2024-30) (2024-2030),Maharashtra (Rajya Sabha),147000000.0
RAJYA_SABHA,Rajasthan,Dr. Alka Singh (2026-32) (2026-2032),Rajasthan (Rajya Sabha),49000000.0
RAJYA_SABHA,Tamil Nadu,Dr. Anbumani Ramadoss (2026-32) (2026-2032),Tamil Nadu (Rajya Sabha),49356476.5
RAJYA_SABHA,Maharashtra,Dr. Anil Sukhdeorao Bonde (2022-28) (2022-2028),Maharashtra (Rajya Sabha),196063957.11
RAJYA_SABHA,Punjab,Dr. Ashok Kumar Mittal (2022-28) (2022-2028),Punjab (Rajya Sabha),222487632.14
RAJYA_SABHA,Bihar,Dr. Bhim Singh (2024-30) (2024-2030),Bihar (Rajya Sabha),186200000.0
RAJYA_SABHA,Karnataka,Dr. Dharmasthala Veerendra Heggade (2022-28) (2022-2028),Karnataka (Rajya Sabha),196063957.11
RAJYA_SABHA,Bihar,Dr. Dharmshila Gupta (2024-30) (2024-2030),Bihar (Rajya Sabha),186200000.0
RAJYA_SABHA,Bihar,Dr. Faiyaz Ahmad (2022-28) (2022-2028),Bihar (Rajya Sabha),235263957.11
RAJYA_SABHA,Kerala,Dr. John Brittas (2021-27) (2021-2027),Kerala (Rajya Sabha),245063957.11
RAJYA_SABHA,Maharashtra,Dr. Jyoti Nagnath Waghmare (2026-32) (2026-2032),Maharashtra (Rajya Sabha),49000000.0
RAJYA_SABHA,Uttar Pradesh,Dr. K. Laxman (2022-28) (2022-2028),Uttar Pradesh (Rajya Sabha),197637007.11
RAJYA_SABHA,Uttarakhand,Dr. Kalpana Saini (2022-28) (2022-2028),Uttarakhand (Rajya Sabha),200830405.8
RAJYA_SABHA,Madhya Pradesh,Dr. Kavita Patidar (2022-28) (2022-2028),Madhya Pradesh (Rajya Sabha),197118521.35000002
RAJYA_SABHA,Madhya Pradesh,Dr. L. Murugan (2024-30) (2024-2030),Madhya Pradesh (Rajya Sabha),147000000.0
RAJYA_SABHA,Uttar Pradesh,Dr. Laxmikant Bajpayee (2022-28) (2022-2028),Uttar Pradesh (Rajya Sabha),196000000.0
RAJYA_SABHA,Tamil Nadu,Dr. M. Dhanapal (2025-31) (2025-2031),Tamil Nadu (Rajya Sabha),89248285.42
RAJYA_SABHA,Tamil Nadu,Dr. M. Thambi Durai (2026-32) (2026-2032),Tamil Nadu (Rajya Sabha),49356476.5
RAJYA_SABHA,Maharashtra,Dr. Medha Vishram Kulkarni (2024-30) (2024-2030),Maharashtra (Rajya Sabha),147000000.0
RAJYA_SABHA,Delhi,Dr. Meenakshi Jain (2025-31) (2025-2031),Delhi (Rajya Sabha),73500000.0
RAJYA_SABHA,Gujarat,Dr. Mukeshbhai J. Rathwa (2026-32) (2026-2032),Gujarat (Rajya Sabha),49000000.0
RAJYA_SABHA,Gujarat,Dr. Parmar Jashvantsinh Salamsinh (2024-30) (2024-2030),Gujarat (Rajya Sabha),147000000.0
RAJYA_SABHA,Uttar Pradesh,Dr. Radha Mohan Das Agrawal (2022-28) (2022-2028),Uttar Pradesh (Rajya Sabha),203626524.67000002
RAJYA_SABHA,Punjab,Dr. Sandeep Kumar Pathak (2022-28) (2022-2028),Punjab (Rajya Sabha),232203454.24
RAJYA_SABHA,Uttar Pradesh,Dr. Sangeeta Balwant (2024-30) (2024-2030),Uttar Pradesh (Rajya Sabha),147000000.0
RAJYA_SABHA,Odisha,Dr. Santrupt Misra (2026-32) (2026-2032),Odisha (Rajya Sabha),49000000.0
RAJYA_SABHA,Jharkhand,Dr. Sarfraz Ahmad (2024-30) (2024-2030),Jharkhand (Rajya Sabha),178564551.09
RAJYA_SABHA,Odisha,Dr. Sasmit Patra (2022-28) (2022-2028),Odisha (Rajya Sabha),196063957.11
RAJYA_SABHA,Rajasthan,Dr. Satish Poonia (2026-32) (2026-2032),Rajasthan (Rajya Sabha),49000000.0
RAJYA_SABHA,Himachal Pradesh,Dr. Sikander Kumar (2022-28) (2022-2028),Himachal Pradesh (Rajya Sabha),207863957.11
RAJYA_SABHA,Uttar Pradesh,Dr. Sudhanshu Trivedi (2024-30) (2024-2030),Uttar Pradesh (Rajya Sabha),147000000.0
RAJYA_SABHA,Karnataka,Dr. Syed Naseer Hussain (2024-30) (2024-2030),Karnataka (Rajya Sabha),147000000.0
RAJYA_SABHA,Kerala,Dr. V. Sivadasan (2021-27) (2021-2027),Kerala (Rajya Sabha),276720323.27
RAJYA_SABHA,Punjab,Dr. Vikramjit Singh Sahney (2022-28) (2022-2028),Punjab (Rajya Sabha),198656208.57000002
RAJYA_SABHA,West Bengal,Ms. Dola Sen (2023-29) (2023-2029),West Bengal (Rajya Sabha),171500000.0
RAJYA_SABHA,Delhi,Ms. Swati Maliwal (2024-30) (2024-2030),Delhi (Rajya Sabha),147000000.0
RAJYA_SABHA,Jharkhand,Parimal Nathwani (2026-32) (2026-2032),Jharkhand (Rajya Sabha),49000000.0
RAJYA_SABHA,Bihar,Prof. Manoj Kumar Jha (2024-30) (2024-2030),Bihar (Rajya Sabha),191620112.11
RAJYA_SABHA,Uttar Pradesh,Prof. Ram Gopal Yadav (2020-26) (2020-2026),Uttar Pradesh (Rajya Sabha),221271395.11
RAJYA_SABHA,Kerala,Shri A. A. Rahim (2022-28) (2022-2028),Kerala (Rajya Sabha),220563957.11
RAJYA_SABHA,Kerala,Shri Abdul Wahab (2021-27) (2021-2027),Kerala (Rajya Sabha),310898953.29
RAJYA_SABHA,Jharkhand,Shri Aditya Prasad (2022-28) (2022-2028),Jharkhand (Rajya Sabha),227628508.2
RAJYA_SABHA,Karnataka,Shri Ajay Makan (2024-30) (2024-2030),Karnataka (Rajya Sabha),147000000.0
RAJYA_SABHA,Bihar,Shri Akhilesh Prasad Singh (2024-30) (2024-2030),Bihar (Rajya Sabha),186200000.0
RAJYA_SABHA,Uttar Pradesh,Shri Amar Pal Maurya (2024-30) (2024-2030),Uttar Pradesh (Rajya Sabha),147000000.0
RAJYA_SABHA,Telangana,Shri Anil Kumar Yadav Mandadi (2024-30) (2024-2030),Telangana (Rajya Sabha),147000000.0
RAJYA_SABHA,Himachal Pradesh,Shri Anurag Sharma (2026-32) (2026-2032),Himachal Pradesh (Rajya Sabha),49000000.0
RAJYA_SABHA,Uttar Pradesh,Shri Arun Singh (2020-26) (2020-2026),Uttar Pradesh (Rajya Sabha),223492764.11
RAJYA_SABHA,Madhya Pradesh,Shri Ashok Singh (2024-30) (2024-2030),Madhya Pradesh (Rajya Sabha),147000000.0
RAJYA_SABHA,Maharashtra,Shri Ashokrao Shankarrao Chavan (2024-30) (2024-2030),Maharashtra (Rajya Sabha),147000000.0
RAJYA_SABHA,Odisha,Shri Ashwini Vaishnaw (2024-30) (2024-2030),Odisha (Rajya Sabha),265563957.11
RAJYA_SABHA,Telangana,Shri B. Parthasaradhi Reddy (2022-28) (2022-2028),Telangana (Rajya Sabha),244365104.0
RAJYA_SABHA,Uttar Pradesh,Shri B.L. Verma (2020-26) (2020-2026),Uttar Pradesh (Rajya Sabha),196063957.11
RAJYA_SABHA,Gujarat,Shri Babubhai Jesangbhai Desai (2023-29) (2023-2029),Gujarat (Rajya Sabha),171500000.0
RAJYA_SABHA,Uttar Pradesh,Shri Baburam Nishad (2022-28) (2022-2028),Uttar Pradesh (Rajya Sabha),196063957.11
RAJYA_SABHA,Jharkhand,Shri Baidyanath Ram (2026-32) (2026-2032),Jharkhand (Rajya Sabha),49000000.0
RAJYA_SABHA,Madhya Pradesh,Shri Balyogi Umeshnath (2024-30) (2024-2030),Madhya Pradesh (Rajya Sabha),147000000.0
RAJYA_SABHA,Madhya Pradesh,Shri Banshilal Gurjar (2024-30) (2024-2030),Madhya Pradesh (Rajya Sabha),147000000.0
RAJYA_SABHA,Andhra Pradesh,Shri Bhashyam Rama Krishna (2026-32) (2026-2032),Andhra Pradesh (Rajya Sabha),49000000.0
RAJYA_SABHA,Assam,Shri Birendra Prasad Baishya (2025-31) (2025-2031),Assam (Rajya Sabha),98000000.0
RAJYA_SABHA,West Bengal,Shri Biswajit Sinha (Rahul Sinha) (2026-32) (2026-2032),West Bengal (Rajya Sabha),49000000.0
RAJYA_SABHA,Uttar Pradesh,Shri Brij Lal (2020-26) (2020-2026),Uttar Pradesh (Rajya Sabha),196063957.11
RAJYA_SABHA,Kerala,Shri C. Sadanandan Master (2025-31) (2025-2031),Kerala (Rajya Sabha),73500000.0
RAJYA_SABHA,Maharashtra,Shri Chandrakant Damodar Handore (2024-30) (2024-2030),Maharashtra (Rajya Sabha),147000000.0
RAJYA_SABHA,Jammu And Kashmir,Shri Chowdry Mohammad Ramzan (2025-31) (2025-2031),Jammu And Kashmir (Rajya Sabha),73500000.0
RAJYA_SABHA,Tamil Nadu,Shri Christopher Manickam (2026-32) (2026-2032),Tamil Nadu (Rajya Sabha),49356476.5
RAJYA_SABHA,Rajasthan,Shri Chunnilal Garasiya (2024-30) (2024-2030),Rajasthan (Rajya Sabha),147000000.0
RAJYA_SABHA,Tamil Nadu,Shri Constandine Ravindran (2026-32) (2026-2032),Tamil Nadu (Rajya Sabha),49356476.5
RAJYA_SABHA,Telangana,Shri Damodar Rao Divakonda (2022-28) (2022-2028),Telangana (Rajya Sabha),239919406.11
RAJYA_SABHA,Odisha,Shri Debashish Samantaray (2026-30) (2026-2030),Odisha (Rajya Sabha),23800006.0
RAJYA_SABHA,West Bengal,Shri Derek O' Brien (2023-29) (2023-2029),West Bengal (Rajya Sabha),171500000.0
RAJYA_SABHA,Chhattisgarh,Shri Devendra Pratap Singh (2024-30) (2024-2030),Chhattisgarh (Rajya Sabha),170837637.76
RAJYA_SABHA,Maharashtra,Shri Dhananjay Bhimrao Mahadik (2022-28) (2022-2028),Maharashtra (Rajya Sabha),220383643.11
RAJYA_SABHA,Odisha,Shri Dilip Kumar Ray (2026-32) (2026-2032),Odisha (Rajya Sabha),49000000.0
RAJYA_SABHA,Sikkim,Shri Dorjee Tshering Lepcha (2024-30) (2024-2030),Sikkim (Rajya Sabha),150170726.11
RAJYA_SABHA,Karnataka,Shri G.C. Chandrashekhar (2024-30) (2024-2030),Karnataka (Rajya Sabha),147000000.0
RAJYA_SABHA,Rajasthan,Shri Ghanshyam Tiwari (2022-28) (2022-2028),Rajasthan (Rajya Sabha),196063957.11
RAJYA_SABHA,Andhra Pradesh,Shri Golla Baburao (2024-30) (2024-2030),Andhra Pradesh (Rajya Sabha),147000000.0
RAJYA_SABHA,Gujarat,Shri Govindbhai Laljibhai Dholakia (2024-30) (2024-2030),Gujarat (Rajya Sabha),147000000.0
RAJYA_SABHA,Jammu And Kashmir,Shri Gulam Ali (2022-28) (2022-2028),Jammu And Kashmir (Rajya Sabha),196063957.11
RAJYA_SABHA,Jammu And Kashmir,Shri Gurwinder Singh Oberoi (2025-31) (2025-2031),Jammu And Kashmir (Rajya Sabha),73500000.0
RAJYA_SABHA,Punjab,Shri Harbhajan Singh (2022-28) (2022-2028),Punjab (Rajya Sabha),220984094.27
RAJYA_SABHA,Uttar Pradesh,Shri Hardeep Singh Puri (2020-26) (2020-2026),Uttar Pradesh (Rajya Sabha),226801049.11
RAJYA_SABHA,Kerala,Shri Haris Beeran (2024-30) (2024-2030),Kerala (Rajya Sabha),122500000.0
RAJYA_SABHA,Himachal Pradesh,Shri Harsh Mahajan (2024-30) (2024-2030),Himachal Pradesh (Rajya Sabha),147000000.0
RAJYA_SABHA,West Bengal,Shri Harsh Vardhan Shringla (2025-31) (2025-2031),West Bengal (Rajya Sabha),73500000.0
RAJYA_SABHA,Tamil Nadu,Shri I.S. Inbadurai (2025-31) (2025-2031),Tamil Nadu (Rajya Sabha),89248285.42
RAJYA_SABHA,Tamil Nadu,Shri Ilaiyaraaja (2022-28) (2022-2028),Tamil Nadu (Rajya Sabha),220563957.11
RAJYA_SABHA,Maharashtra,Shri Imran Pratapgarhi (2022-28) (2022-2028),Maharashtra (Rajya Sabha),196000000.0
RAJYA_SABHA,Gujarat,Shri Jagat Prakash Nadda (2024-30) (2024-2030),Gujarat (Rajya Sabha),147000000.0
RAJYA_SABHA,Karnataka,Shri Jaggesh (2022-28) (2022-2028),Karnataka (Rajya Sabha),196063957.11
RAJYA_SABHA,Karnataka,Shri Jairam Ramesh (2022-28) (2022-2028),Karnataka (Rajya Sabha),220563957.11
RAJYA_SABHA,Meghalaya,Shri James Pangsang Kongkal Sangma (2026-32) (2026-2032),Meghalaya (Rajya Sabha),49000000.0
RAJYA_SABHA,Uttar Pradesh,Shri Javed Ali Khan (2022-28) (2022-2028),Uttar Pradesh (Rajya Sabha),196063957.11
RAJYA_SABHA,Uttar Pradesh,Shri Jayant Chaudhary (2022-28) (2022-2028),Uttar Pradesh (Rajya Sabha),214074707.67000002
RAJYA_SABHA,Assam,Shri Jogen Mohan (2026-32) (2026-2032),Assam (Rajya Sabha),49000000.0
RAJYA_SABHA,Kerala,Shri Jose K. Mani (2024-30) (2024-2030),Kerala (Rajya Sabha),122500000.0
RAJYA_SABHA,Tamil Nadu,Shri K.R.N. Rajeshkumar (2022-28) (2022-2028),Tamil Nadu (Rajya Sabha),238513975.53
RAJYA_SABHA,Tamil Nadu,Shri Kamal Haasan (2025-31) (2025-2031),Tamil Nadu (Rajya Sabha),89248285.42
RAJYA_SABHA,Assam,Shri Kanad Purkayastha (2025-31) (2025-2031),Assam (Rajya Sabha),98000000.0
RAJYA_SABHA,Uttar Pradesh,Shri Kapil Sibal (2022-28) (2022-2028),Uttar Pradesh (Rajya Sabha),196063957.11
RAJYA_SABHA,Haryana,Shri Karamvir Singh Singh Boudh (2026-32) (2026-2032),Haryana (Rajya Sabha),49000000.0
RAJYA_SABHA,Haryana,Shri Kartikeya Sharma (2022-28) (2022-2028),Haryana (Rajya Sabha),196000000.0
RAJYA_SABHA,Gujarat,Shri Kesridevsinh Jhala (2023-29) (2023-2029),Gujarat (Rajya Sabha),171500000.0
RAJYA_SABHA,Mizoram,Shri Khiangte Laltluangkima (2026-32) (2026-2032),Mizoram (Rajya Sabha),24500000.0
RAJYA_SABHA,Bihar,Shri Khiru Mahto (2022-28) (2022-2028),Bihar (Rajya Sabha),235770091.81
RAJYA_SABHA,Tamil Nadu,Shri L. K. Sudhish (2026-32) (2026-2032),Tamil Nadu (Rajya Sabha),49356476.5
RAJYA_SABHA,Karnataka,Shri Lahar Singh Siroya (2022-28) (2022-2028),Karnataka (Rajya Sabha),206278088.11
RAJYA_SABHA,Andhra Pradesh,Shri Lingamaneni Ramesh (2026-32) (2026-2032),Andhra Pradesh (Rajya Sabha),49000000.0
RAJYA_SABHA,Karnataka,Shri M. Nagaraja (2026-32) (2026-2032),Karnataka (Rajya Sabha),49000000.0
RAJYA_SABHA,Rajasthan,Shri Madan Rathore (2024-30) (2024-2030),Rajasthan (Rajya Sabha),147000000.0
RAJYA_SABHA,Uttarakhand,Shri Mahendra Bhatt (2024-30) (2024-2030),Uttarakhand (Rajya Sabha),147000000.0
RAJYA_SABHA,Madhya Pradesh,Shri Mahesh Kewat (2026-32) (2026-2032),Madhya Pradesh (Rajya Sabha),49000000.0
RAJYA_SABHA,Karnataka,Shri Mallikarjun Kharge (2026-32) (2026-2032),Karnataka (Rajya Sabha),49063957.11
RAJYA_SABHA,Bihar,Shri Manan Kumar Mishra (2024-28) (2024-2028),Bihar (Rajya Sabha),235263957.11
RAJYA_SABHA,Odisha,Shri Manas Ranjan Mangaraj (2022-28) (2022-2028),Odisha (Rajya Sabha),196063957.11
RAJYA_SABHA,Odisha,Shri Manmohan Samal (2026-32) (2026-2032),Odisha (Rajya Sabha),49000000.0
RAJYA_SABHA,Karnataka,Shri Mansoor Ali Khan (2026-32) (2026-2032),Karnataka (Rajya Sabha),49000000.0
RAJYA_SABHA,Andhra Pradesh,Shri Masthan Rao Yadav Beedha (2024-28) (2024-2028),Andhra Pradesh (Rajya Sabha),171296045.11
RAJYA_SABHA,Gujarat,Shri Mayankkumar Nayak (2024-30) (2024-2030),Gujarat (Rajya Sabha),147000000.0
RAJYA_SABHA,Andhra Pradesh,Shri Meda Raghunadha Reddy (2024-30) (2024-2030),Andhra Pradesh (Rajya Sabha),147000000.0
RAJYA_SABHA,Maharashtra,Shri Milind Murli Deora (2024-30) (2024-2030),Maharashtra (Rajya Sabha),147000000.0
RAJYA_SABHA,Uttar Pradesh,Shri Mithlesh Kumar (2022-28) (2022-2028),Uttar Pradesh (Rajya Sabha),196063957.11
RAJYA_SABHA,West Bengal,Shri Mohammed Nadimul Haque (2024-30) (2024-2030),West Bengal (Rajya Sabha),147000000.0
RAJYA_SABHA,Rajasthan,Shri Mukul Wasnik (2022-28) (2022-2028),Rajasthan (Rajya Sabha),196063957.11
RAJYA_SABHA,West Bengal,Shri Nagendra Ray (2023-29) (2023-2029),West Bengal (Rajya Sabha),171500000.0
RAJYA_SABHA,Delhi,Shri Narain Dass Gupta (2024-30) (2024-2030),Delhi (Rajya Sabha),160837070.0
RAJYA_SABHA,Karnataka,Shri Narayanasa K. Bhandage (2024-30) (2024-2030),Karnataka (Rajya Sabha),147450000.0
RAJYA_SABHA,Uttarakhand,Shri Naresh Bansal (2020-26) (2020-2026),Uttarakhand (Rajya Sabha),222043184.71
RAJYA_SABHA,Uttar Pradesh,Shri Naveen Jain (2024-30) (2024-2030),Uttar Pradesh (Rajya Sabha),147000000.0
RAJYA_SABHA,Rajasthan,Shri Neeraj Dangi (2026-32) (2026-2032),Rajasthan (Rajya Sabha),49000000.0
RAJYA_SABHA,Uttar Pradesh,Shri Neeraj Shekhar (2020-26) (2020-2026),Uttar Pradesh (Rajya Sabha),236483662.11
RAJYA_SABHA,Maharashtra,Shri Nitin Laxmanrao Jadhav Patil (2024-28) (2024-2028),Maharashtra (Rajya Sabha),122500000.0
RAJYA_SABHA,Bihar,Shri Nitin Nabin (2026-32) (2026-2032),Bihar (Rajya Sabha),49000000.0
RAJYA_SABHA,Tamil Nadu,Shri P. Chidambaram (2022-28) (2022-2028),Tamil Nadu (Rajya Sabha),236312242.52
RAJYA_SABHA,Kerala,Shri P. P. Suneer (2024-30) (2024-2030),Kerala (Rajya Sabha),122500000.0
RAJYA_SABHA,Tamil Nadu,Shri P. Wilson (2025-31) (2025-2031),Tamil Nadu (Rajya Sabha),89248285.42
RAJYA_SABHA,Assam,Shri Pabitra Margherita (2022-28) (2022-2028),Assam (Rajya Sabha),220563957.11
RAJYA_SABHA,Andhra Pradesh,Shri Paka Venkata Satyanarayana (2025-28) (2025-2028),Andhra Pradesh (Rajya Sabha),98000000.0
RAJYA_SABHA,Maharashtra,Shri Parth Ajit Pawar (2026-32) (2026-2032),Maharashtra (Rajya Sabha),49000000.0
RAJYA_SABHA,Karnataka,Shri Pawan Khera (2026-32) (2026-2032),Karnataka (Rajya Sabha),49000000.0
RAJYA_SABHA,Jharkhand,Shri Pradip Kumar Varma (2024-30) (2024-2030),Jharkhand (Rajya Sabha),178564551.09
RAJYA_SABHA,Maharashtra,Shri Praful Patel (2024-30) (2024-2030),Maharashtra (Rajya Sabha),147000000.0
RAJYA_SABHA,West Bengal,Shri Prakash Chik Baraik (2026-29) (2026-2029),West Bengal (Rajya Sabha),49662892.0
RAJYA_SABHA,Assam,Shri Pramod Boro (2026-32) (2026-2032),Assam (Rajya Sabha),49000000.0
RAJYA_SABHA,Rajasthan,Shri Pramod Tiwari (2022-28) (2022-2028),Rajasthan (Rajya Sabha),196063957.11
RAJYA_SABHA,Tamil Nadu,Shri Praveen Chakravarthy (2026-28) (2026-2028),Tamil Nadu (Rajya Sabha),49356476.5
RAJYA_SABHA,Tamil Nadu,Shri R. Dharmar (2022-28) (2022-2028),Tamil Nadu (Rajya Sabha),260812242.52
RAJYA_SABHA,Tamil Nadu,Shri R. Girirajan (2022-28) (2022-2028),Tamil Nadu (Rajya Sabha),236312242.52
RAJYA_SABHA,Punjab,Shri Raghav Chadha (2022-28) (2022-2028),Punjab (Rajya Sabha),237229207.25
RAJYA_SABHA,West Bengal,Shri Rajeev Kumar (2026-32) (2026-2032),West Bengal (Rajya Sabha),49000000.0
RAJYA_SABHA,Chhattisgarh,Shri Rajeev Shukla (2022-28) (2022-2028),Chhattisgarh (Rajya Sabha),271174394.23
RAJYA_SABHA,Gujarat,Shri Rajesh Parmanand Shukla (2026-32) (2026-2032),Gujarat (Rajya Sabha),49000000.0
RAJYA_SABHA,Tripura,Shri Rajib Bhattacharjee (2024-28) (2024-2028),Tripura (Rajya Sabha),122500000.0
RAJYA_SABHA,Punjab,Shri Rajinder Gupta (2025-28) (2025-2028),Punjab (Rajya Sabha),49000000.0
RAJYA_SABHA,Madhya Pradesh,Shri Rajneesh Kumar Agrawal (2026-32) (2026-2032),Madhya Pradesh (Rajya Sabha),49000000.0
RAJYA_SABHA,Bihar,Shri Ram Nath Thakur (2026-32) (2026-2032),Bihar (Rajya Sabha),65673638.730000004
RAJYA_SABHA,Maharashtra,Shri Ramdas Bandu Athawale (2026-32) (2026-2032),Maharashtra (Rajya Sabha),49000000.0
RAJYA_SABHA,Uttar Pradesh,Shri Ramji (2020-26) (2020-2026),Uttar Pradesh (Rajya Sabha),174518577.11
RAJYA_SABHA,Uttar Pradesh,Shri Ramji Lal Suman (2024-30) (2024-2030),Uttar Pradesh (Rajya Sabha),147000000.0
RAJYA_SABHA,Maharashtra,Shri Ramrao Sakharam Wadkute (2026-32) (2026-2032),Maharashtra (Rajya Sabha),49000000.0
RAJYA_SABHA,Rajasthan,Shri Randeep Singh Surjewala (2022-28) (2022-2028),Rajasthan (Rajya Sabha),196063957.11
RAJYA_SABHA,Uttar Pradesh,Shri Ratanjit Pratap Narain Singh (2024-30) (2024-2030),Uttar Pradesh (Rajya Sabha),147000000.0
RAJYA_SABHA,Telangana,Shri Ravi Chandra Vaddiraju (2024-30) (2024-2030),Telangana (Rajya Sabha),152732534.11
RAJYA_SABHA,Assam,Shri Rwngwra Narzary (2022-28) (2022-2028),Assam (Rajya Sabha),220563957.11
RAJYA_SABHA,Andhra Pradesh,Shri Ryaga Krishnaiah (2024-28) (2024-2028),Andhra Pradesh (Rajya Sabha),170413583.79
RAJYA_SABHA,Andhra Pradesh,Shri S Niranjan Reddy (2022-28) (2022-2028),Andhra Pradesh (Rajya Sabha),224621383.11
RAJYA_SABHA,Gujarat,Shri S. Jaishankar (2023-29) (2023-2029),Gujarat (Rajya Sabha),171500000.0
RAJYA_SABHA,Tamil Nadu,Shri S. Kalyanasundaram (2022-28) (2022-2028),Tamil Nadu (Rajya Sabha),239763792.52
RAJYA_SABHA,Puducherry,Shri S. Selvaganabathy (2021-27) (2021-2027),Puducherry (Rajya Sabha),292881856.49
RAJYA_SABHA,Tamil Nadu,Shri S.R. Sivalingam (2025-31) (2025-2031),Tamil Nadu (Rajya Sabha),89248285.42
RAJYA_SABHA,Goa,Shri Sadanand Mhalu Shet Tanavade (2023-29) (2023-2029),Goa (Rajya Sabha),171500000.0
RAJYA_SABHA,Jammu And Kashmir,Shri Sajjad Ahmad Kichloo (2025-31) (2025-2031),Jammu And Kashmir (Rajya Sabha),73500000.0
RAJYA_SABHA,West Bengal,Shri Samik Bhattacharya (2024-30) (2024-2030),West Bengal (Rajya Sabha),147000000.0
RAJYA_SABHA,West Bengal,Shri Samirul Islam (2023-29) (2023-2029),West Bengal (Rajya Sabha),171500000.0
RAJYA_SABHA,Andhra Pradesh,Shri Sana Sathish Babu (2026-32) (2026-2032),Andhra Pradesh (Rajya Sabha),49063978.0
RAJYA_SABHA,Kerala,Shri Sandosh Kumar P (2022-28) (2022-2028),Kerala (Rajya Sabha),220563957.11
RAJYA_SABHA,Haryana,Shri Sanjay Bhatia (2026-32) (2026-2032),Haryana (Rajya Sabha),49000000.0
RAJYA_SABHA,Bihar,Shri Sanjay Kumar Jha (2024-30) (2024-2030),Bihar (Rajya Sabha),186200000.0
RAJYA_SABHA,Maharashtra,Shri Sanjay Raut (2022-28) (2022-2028),Maharashtra (Rajya Sabha),196063957.11
RAJYA_SABHA,Uttar Pradesh,Shri Sanjay Seth (2024-30) (2024-2030),Uttar Pradesh (Rajya Sabha),147000000.0
RAJYA_SABHA,Delhi,Shri Sanjay Singh (2024-30) (2024-2030),Delhi (Rajya Sabha),184466426.11
RAJYA_SABHA,Bihar,Shri Sanjay Yadav (2024-30) (2024-2030),Bihar (Rajya Sabha),186200000.0
RAJYA_SABHA,Punjab,Shri Sant Balbir Singh (2022-28) (2022-2028),Punjab (Rajya Sabha),196359074.44000003
RAJYA_SABHA,Jammu And Kashmir,Shri Sat Paul Sharma (2025-31) (2025-2031),Jammu And Kashmir (Rajya Sabha),73500000.0
RAJYA_SABHA,Bihar,Shri Satish Chandra Dubey (2022-28) (2022-2028),Bihar (Rajya Sabha),235263957.11
RAJYA_SABHA,Chandigarh,Shri Satnam Singh Sandhu (2024-30) (2024-2030),Chandigarh (Rajya Sabha),147000000.0
RAJYA_SABHA,Bihar,Shri Shambhu Sharan Patel (2022-28) (2022-2028),Bihar (Rajya Sabha),237168443.49
RAJYA_SABHA,Bihar,Shri Shivesh Kumar (2026-32) (2026-2032),Bihar (Rajya Sabha),49000000.0
RAJYA_SABHA,Haryana,Shri Subhash Barala (2024-30) (2024-2030),Haryana (Rajya Sabha),147000000.0
RAJYA_SABHA,Odisha,Shri Subhasish Khuntia (2024-30) (2024-2030),Odisha (Rajya Sabha),147000000.0
RAJYA_SABHA,Odisha,Shri Sujeet Kumar (2026-32) (2026-2032),Odisha (Rajya Sabha),49000000.0
RAJYA_SABHA,Uttar Pradesh,Shri Surendra Singh Nagar (2022-28) (2022-2028),Uttar Pradesh (Rajya Sabha),220563957.11
RAJYA_SABHA,Arunachal Pradesh,Shri Tai Tagak (2026-32) (2026-2032),Arunachal Pradesh (Rajya Sabha),49000000.0
RAJYA_SABHA,Madhya Pradesh,Shri Tarun Chugh (2026-32) (2026-2032),Madhya Pradesh (Rajya Sabha),49000000.0
RAJYA_SABHA,Uttar Pradesh,Shri Tejveer Singh (2024-30) (2024-2030),Uttar Pradesh (Rajya Sabha),147000000.0
RAJYA_SABHA,Assam,Shri Terash Gowalla (2026-32) (2026-2032),Assam (Rajya Sabha),49000000.0
RAJYA_SABHA,Tamil Nadu,Shri Tiruchi Siva (2026-32) (2026-2032),Tamil Nadu (Rajya Sabha),49356476.5
RAJYA_SABHA,Maharashtra,Shri Ujjwal Deorao Nikam (2025-31) (2025-2031),Maharashtra (Rajya Sabha),73500000.0
RAJYA_SABHA,Bihar,Shri Upendra Kushwaha (2026-32) (2026-2032),Bihar (Rajya Sabha),49000000.0
RAJYA_SABHA,Andhra Pradesh,Shri V. Vijayendra Prasad (2022-28) (2022-2028),Andhra Pradesh (Rajya Sabha),196063957.11
RAJYA_SABHA,Andhra Pradesh,Shri Vijay Chintakayala (2026-32) (2026-2032),Andhra Pradesh (Rajya Sabha),49000000.0
RAJYA_SABHA,Maharashtra,Shri Vinod Shridhar Tawde (2026-32) (2026-2032),Maharashtra (Rajya Sabha),49000000.0
RAJYA_SABHA,Madhya Pradesh,Shri Vivek K. Tankha (2022-28) (2022-2028),Madhya Pradesh (Rajya Sabha),220563957.11
RAJYA_SABHA,Andhra Pradesh,Shri Yerram Venkata Subba Reddy (2024-30) (2024-2030),Andhra Pradesh (Rajya Sabha),147000000.0
RAJYA_SABHA,Manipur,Smt. Adhikarimayum Sharda Devi (2026-32) (2026-2032),Manipur (Rajya Sabha),49000000.0
RAJYA_SABHA,Uttar Pradesh,Smt. Darshana Singh (2022-28) (2022-2028),Uttar Pradesh (Rajya Sabha),196994373.87
RAJYA_SABHA,Uttar Pradesh,Smt. Geeta alias Chandraprabha (2020-26) (2020-2026),Uttar Pradesh (Rajya Sabha),196063957.11
RAJYA_SABHA,Uttar Pradesh,Smt. Jaya Amitabh Bachchan (2024-30) (2024-2030),Uttar Pradesh (Rajya Sabha),147000000.0
RAJYA_SABHA,Kerala,Smt. Jebi Mather Hisham (2022-28) (2022-2028),Kerala (Rajya Sabha),220563957.11
RAJYA_SABHA,Chhattisgarh,Smt. Laxmi Verma (2026-32) (2026-2032),Chhattisgarh (Rajya Sabha),49000000.0
RAJYA_SABHA,Jharkhand,Smt. Mahua Maji (2022-28) (2022-2028),Jharkhand (Rajya Sabha),232524001.2
RAJYA_SABHA,West Bengal,Smt. Mamata Thakur (2024-30) (2024-2030),West Bengal (Rajya Sabha),147000000.0
RAJYA_SABHA,Maharashtra,Smt. Maya Chintaman Ivnate (2026-32) (2026-2032),Maharashtra (Rajya Sabha),49000000.0
RAJYA_SABHA,Madhya Pradesh,Smt. Maya Naroliya (2024-30) (2024-2030),Madhya Pradesh (Rajya Sabha),147000000.0
RAJYA_SABHA,Karnataka,Smt. Nirmala Sitharaman (2022-28) (2022-2028),Karnataka (Rajya Sabha),215972051.45
RAJYA_SABHA,Kerala,Smt. P. T. Usha (2022-28) (2022-2028),Kerala (Rajya Sabha),196063957.11
RAJYA_SABHA,Chhattisgarh,Smt. Phulo Devi Netam (2026-32) (2026-2032),Chhattisgarh (Rajya Sabha),49000000.0
RAJYA_SABHA,Tamil Nadu,Smt. Rajathi (2025-31) (2025-2031),Tamil Nadu (Rajya Sabha),89248285.42
RAJYA_SABHA,Chhattisgarh,Smt. Ranjeet Ranjan (2022-28) (2022-2028),Chhattisgarh (Rajya Sabha),246780257.87
RAJYA_SABHA,Haryana,Smt. Rekha Sharma (2024-28) (2024-2028),Haryana (Rajya Sabha),98000000.0
RAJYA_SABHA,Telangana,Smt. Renuka Chowdhury (2024-30) (2024-2030),Telangana (Rajya Sabha),147000000.0
RAJYA_SABHA,Nagaland,Smt. S. Phangnon Konyak (2022-28) (2022-2028),Nagaland (Rajya Sabha),206563957.11
RAJYA_SABHA,Uttar Pradesh,Smt. Sadhna Singh (2024-30) (2024-2030),Uttar Pradesh (Rajya Sabha),147000000.0
RAJYA_SABHA,West Bengal,Smt. Sagarika Ghose (2024-30) (2024-2030),West Bengal (Rajya Sabha),147000000.0
RAJYA_SABHA,Uttar Pradesh,Smt. Sangeeta Yadav (2022-28) (2022-2028),Uttar Pradesh (Rajya Sabha),196063957.11
RAJYA_SABHA,Uttar Pradesh,Smt. Seema Dwivedi (2020-26) (2020-2026),Uttar Pradesh (Rajya Sabha),173830159.11
RAJYA_SABHA,Rajasthan,Smt. Sonia Gandhi (2024-30) (2024-2030),Rajasthan (Rajya Sabha),147000000.0
RAJYA_SABHA,Karnataka,Smt. Sudha Murty (2024-30) (2024-2030),Karnataka (Rajya Sabha),147000000.0
RAJYA_SABHA,Odisha,Smt. Sulata Deo (2022-28) (2022-2028),Odisha (Rajya Sabha),196084721.4
RAJYA_SABHA,Madhya Pradesh,Smt. Sumitra Balmik (2022-28) (2022-2028),Madhya Pradesh (Rajya Sabha),196063957.11
